Statistics,Machine Learning,Programming,BI and Reporting,database,general,sponsorship
statistical models,linear regression,machine learning,excel,azure,business analysis,sponsorship
statistical modeling,logistic regression,deep learning,powerbi,aws,finance,
probability,K means,r,power bi,ec2,data analysis,
normal distribution,random forest,ggplot,reporting tools,amazon redshift,customer,
poisson distribution,xgboost,python,kpi's,docker,behaviour,
survival models,svm,pandas,kpi's,scala,analysis,
hypothersis testing,naïve bayes,numpy,ad-hoc,reradata,security,
bayesian inference,pca,scikitlearn,BI,google big query,training,
factor analysis,decision trees,sklearn,tableau,aws lambda,strategic thinking,
forecasting,svd,statsmodel,looker,hive,time management,
markov chain,ensemble models,programming,alteryx,hadoop,requirements,
monte carlo,boltzman machine,sas,domo,sql,creativity,
variance,classification,spss,microstrategy,ssas,decision making,
scientific methods,regression,software development,qlik,ssrs,presentations,
data mining,data science,code,qliksense,t-sql,technical writing,
quantitative,decision sciences,emblem,qlikview,rtl,teamwork,
,classify,,BI,cloud,qualitative,
,predict,,reporting,data warehousing,efficiency,
,,,msbi,data engineer,,
,,,spreadsheet,sql programming,,
,,,dashboards,queries,,
,,,report,database,,
,,,reports,code,,
,,,metrics,data modeling,,
,,,metric,,,
